task,run,provider,model,n,semantic_pass_rate,composite_mean,composite_std,bertscore_mean
simplify,groq_llama31_8b_t00,groq,llama-3.1-8b-instant,12,1.0,5.512038439020113,4.385652731792679,0.9217729965845743
simplify,groq_llama33_70b_t00,groq,llama-3.3-70b-versatile,12,1.0,5.30093360293458,3.743436321642748,0.9195918639500936
simplify,groq_llama33_70b_t03,groq,llama-3.3-70b-versatile,12,1.0,5.2628788355550755,3.834081504967876,0.9147263169288635
simplify,groq_llama31_8b_t03,groq,llama-3.1-8b-instant,12,1.0,5.1889106100718525,4.333882304372902,0.9250256270170212
soften,groq_llama31_8b_t03,groq,llama-3.1-8b-instant,12,1.0,0.46571563600991855,0.4689862323150854,0.9209034194548925
soften,groq_llama31_8b_t00,groq,llama-3.1-8b-instant,12,1.0,0.4214230909969161,0.47653434040214215,0.9211503316958746
soften,groq_llama33_70b_t00,groq,llama-3.3-70b-versatile,12,1.0,0.3548285200156908,0.5762323110706447,0.9240855723619461
soften,groq_llama33_70b_t03,groq,llama-3.3-70b-versatile,12,1.0,0.2680537851772764,0.6100929463241134,0.922852079073588
